fname,last_name,email,id,telephon
Mona,Poursabran,Mona@gmail.com,0014911981,09369201921
NAzi,Mosaie,NAzanin@gmail.com,1236547892,09365544871
Mahsa,Karmani,Mahsa@gmail.com,5487961254,093636544871
Jack,smith,Jack@gmail.com,5487481254,0933648544871
Bardia,Nikbakhsh,bardia1450@gmail.com,0015684791,22448322
Fatemeh,Amiri,FatemehAA@gmail.com,3698521474,09381245687
Elham,Karimi,elham55@gmail.com,7465891233,09164523678
Ali,Emadi,Aliemadi@gmail.com,3245698716,09351247896
Nazanin,Mosafer,Nazi@gmail.com,9631475233,22448322
